<?xml version="1.0" encoding="utf-8"?>
<TopologyInfo xmlns:xsd="http://www.w3.org/2001/XMLSchema" xmlns:xsi="http://www.w3.org/2001/XMLSchema-instance">
  <Details Name="infra" Alias="infra" Driver="Python Setup &amp; Teardown" SetupDuration="10" TeardownDuration="10" Public="false" DefaultDuration="120">
    <Description>Blueprint with preconfigured setup &amp; teardown processes.Deploys Apps and resolves connections on Setup, and deletes App VMs on Teardown</Description>
    <Categories />
    <Scripts>
      <Script Name="Default Sandbox Setup" />
      <Script Name="Default Sandbox Teardown" />
    </Scripts>
    <Diagram Zoom="1" />
  </Details>
  <Resources>
    <Resource PositionX="857.00390625" PositionY="510.0078125" Name="FTP" Shared="true" />
    <Resource PositionX="872.00390625" PositionY="783.0078125" Name="VMWare vCenter" Shared="true" />
    <Resource PositionX="864.00390625" PositionY="105.0078125" Name="ConfigPool" Shared="false" />
  </Resources>
  <Apps />
</TopologyInfo>