<ns0:DataModelInfo xmlns:ns0="http://schemas.qualisystems.com/ResourceManagement/DataModelSchema.xsd">
	<ns0:ResourceFamilies>
	</ns0:ResourceFamilies>
  <ns0:ScriptDescriptors>
    <ns0:ScriptDescriptor Alias="Setup script" CategoryName="Hidden Commands" Name="Default Sandbox Setup" Version="7.0.0">
      <ns0:ScriptInputs />
    </ns0:ScriptDescriptor>
    <ns0:ScriptDescriptor Alias="Teardown script" CategoryName="Hidden Commands" Name="Default Sandbox Teardown" Version="7.0.0">
      <ns0:ScriptInputs />
    </ns0:ScriptDescriptor>
  </ns0:ScriptDescriptors>
</ns0:DataModelInfo>