<?xml version="1.0" encoding="utf-8"?>
<ResourceInfo xmlns:xsd="http://www.w3.org/2001/XMLSchema" xmlns:xsi="http://www.w3.org/2001/XMLSchema-instance" Name="VMWare vCenter" FolderFullPath="" Address="192.168.41.5" ModelName="VMWare vCenter" Driver="VCenter Shell Driver" xmlns="http://schemas.qualisystems.com/ResourceManagement/ResourceSchema.xsd">
  <Attributes>
    <Attribute Name="User" Value="qualisystems\qauser" />
    <Attribute Name="Password" Value="m3OR3f5T65msqIpbNwQ2ZA==" />
    <Attribute Name="Default Datacenter" Value="USA" />
    <Attribute Name="VM Storage" Value="datastore15" />
    <Attribute Name="Holding Network" Value="holding" />
    <Attribute Name="VM Location" Value="CustomerSuccess" />
    <Attribute Name="Default dvSwitch" Value="SuccessDVSwitch" />
    <Attribute Name="VM Cluster" Value="ESXi Cluster" />
    <Attribute Name="VM Resource Pool" Value="" />
    <Attribute Name="Shutdown Method" Value="hard" />
    <Attribute Name="Execution Server Selector" Value="" />
    <Attribute Name="OVF Tool Path" Value="C:\Program Files (x86)\VMware\VMware Workstation\OVFTool\ovftool.exe" />
    <Attribute Name="Reserved Networks" Value="" />
  </Attributes>
  <ChildResources />
  <Connections />
</ResourceInfo>