<?xml version="1.0" encoding="utf-8"?>
<DataModelInfo xmlns:xsd="http://www.w3.org/2001/XMLSchema" xmlns:xsi="http://www.w3.org/2001/XMLSchema-instance" xmlns="http://schemas.qualisystems.com/ResourceManagement/DataModelSchema.xsd">
  <Attributes>
    <AttributeInfo Name="User" Type="String" DefaultValue="" Description="" IsReadOnly="false">
      <Rules>
        <Rule Name="Configuration" />
        <Rule Name="Setting" />
      </Rules>
    </AttributeInfo>
    <AttributeInfo Name="Password" Type="Password" DefaultValue="3M3u7nkDzxWb0aJ/IZYeWw==" Description="" IsReadOnly="false">
      <Rules>
        <Rule Name="Configuration" />
        <Rule Name="Setting" />
      </Rules>
    </AttributeInfo>
    <AttributeInfo Name="Default Datacenter" Type="String" DefaultValue="" Description="The datacenter within the vCenter that will be used for VM deployment. All other settings of this vCenter resource should refer to entities associated with this datacenter." IsReadOnly="false">
      <Rules>
        <Rule Name="Configuration" />
        <Rule Name="Setting" />
      </Rules>
    </AttributeInfo>
    <AttributeInfo Name="VM Storage" Type="String" DefaultValue="" Description="The vCenter storage that will be used when deploying a VM." IsReadOnly="false">
      <Rules>
        <Rule Name="Configuration" />
        <Rule Name="Setting" />
      </Rules>
    </AttributeInfo>
    <AttributeInfo Name="Holding Network" Type="String" DefaultValue="" Description="The default network that will be configured when disconnecting from another network. Should be under the Default Datacenter." IsReadOnly="false">
      <Rules>
        <Rule Name="Configuration" />
        <Rule Name="Setting" />
      </Rules>
    </AttributeInfo>
    <AttributeInfo Name="VM Location" Type="String" DefaultValue="" Description="The full path to the folder within vCenter in which the VM will be created. (e.g vms/quali) " IsReadOnly="false">
      <Rules>
        <Rule Name="Configuration" />
        <Rule Name="Setting" />
      </Rules>
    </AttributeInfo>
    <AttributeInfo Name="Default dvSwitch" Type="String" DefaultValue="" Description="The default vCenter dvSwitch that will be used when configuring VM connectivity. Should be under the Default Datacenter." IsReadOnly="false">
      <Rules>
        <Rule Name="Configuration" />
        <Rule Name="Setting" />
      </Rules>
    </AttributeInfo>
    <AttributeInfo Name="VM Cluster" Type="String" DefaultValue="" Description="The vCenter cluster or host that will be used when deploying a VM. Should be under the Default Datacenter." IsReadOnly="false">
      <Rules>
        <Rule Name="Configuration" />
        <Rule Name="Setting" />
      </Rules>
    </AttributeInfo>
    <AttributeInfo Name="VM Resource Pool" Type="String" DefaultValue="" Description="The vCenter Resource Pool in which the VM will be created. Should be under the defined VM Cluster." IsReadOnly="false">
      <Rules>
        <Rule Name="Configuration" />
        <Rule Name="Setting" />
      </Rules>
    </AttributeInfo>
    <AttributeInfo Name="Shutdown Method" Type="String" DefaultValue="" Description="The shutdown method that will be used when powering off the VM. Possible options are 'Hard' and 'Soft' shutdown." IsReadOnly="false">
      <Rules>
        <Rule Name="Configuration" />
        <Rule Name="Setting" />
      </Rules>
    </AttributeInfo>
    <AttributeInfo Name="Execution Server Selector" Type="String" DefaultValue="" Description="This attribute points to a pre-define group of execution servers. Usually used for different sites or domains." IsReadOnly="false">
      <Rules>
        <Rule Name="Configuration" />
        <Rule Name="Setting" />
        <Rule Name="Execution Server Selector" />
      </Rules>
    </AttributeInfo>
    <AttributeInfo Name="OVF Tool Path" Type="String" DefaultValue="" Description="The path for the OVF tool installation. Use the same path for all execution servers." IsReadOnly="false">
      <Rules>
        <Rule Name="Configuration" />
        <Rule Name="Setting" />
      </Rules>
    </AttributeInfo>
    <AttributeInfo Name="Reserved Networks" Type="String" DefaultValue="" Description="Reserved networks separated by Semicolon(;), vNICs configured to those networks won't be used for VM connectivity." IsReadOnly="false">
      <Rules>
        <Rule Name="Configuration" />
        <Rule Name="Setting" />
      </Rules>
    </AttributeInfo>
    <AttributeInfo Name="ConfigPool NTP IP" Type="String" DefaultValue="" IsReadOnly="false">
      <Rules>
        <Rule Name="Configuration" />
        <Rule Name="Setting" />
      </Rules>
    </AttributeInfo>
    <AttributeInfo Name="Storage Port" Type="Numeric" DefaultValue="0" IsReadOnly="false">
      <Rules>
        <Rule Name="Configuration" />
        <Rule Name="Setting" />
      </Rules>
    </AttributeInfo>
    <AttributeInfo Name="Storage Network configs Path" Type="String" DefaultValue="" IsReadOnly="false">
      <Rules>
        <Rule Name="Configuration" />
        <Rule Name="Setting" />
      </Rules>
    </AttributeInfo>
    <AttributeInfo Name="Storage username" Type="String" DefaultValue="" IsReadOnly="false">
      <Rules>
        <Rule Name="Configuration" />
      </Rules>
    </AttributeInfo>
    <AttributeInfo Name="Storage password" Type="String" DefaultValue="" IsReadOnly="false">
      <Rules>
        <Rule Name="Configuration" />
      </Rules>
    </AttributeInfo>
  </Attributes>
  <ResourceFamilies>
    <ResourceFamily Name="Cloud Provider" Description="" IsSearchable="true" IsAdminOnly="true" ResourceType="Resource">
      <AttachedAttributes />
      <AttributeValues />
      <Models>
        <ResourceModel Name="VMWare vCenter" ImagePath="VMWare vCenter_Model.png" Description="" SupportsConcurrentCommands="true">
          <AttachedAttributes>
            <AttachedAttribute Name="User" IsOverridable="true" IsLocal="true">
              <AllowedValues />
            </AttachedAttribute>
            <AttachedAttribute Name="Password" IsOverridable="true" IsLocal="true">
              <AllowedValues />
            </AttachedAttribute>
            <AttachedAttribute Name="Default Datacenter" IsOverridable="true" IsLocal="true">
              <AllowedValues />
            </AttachedAttribute>
            <AttachedAttribute Name="VM Storage" IsOverridable="true" IsLocal="true">
              <AllowedValues />
            </AttachedAttribute>
            <AttachedAttribute Name="Holding Network" IsOverridable="true" IsLocal="true">
              <AllowedValues />
            </AttachedAttribute>
            <AttachedAttribute Name="VM Location" IsOverridable="true" IsLocal="true">
              <AllowedValues />
            </AttachedAttribute>
            <AttachedAttribute Name="Default dvSwitch" IsOverridable="true" IsLocal="true">
              <AllowedValues />
            </AttachedAttribute>
            <AttachedAttribute Name="VM Cluster" IsOverridable="true" IsLocal="true">
              <AllowedValues />
            </AttachedAttribute>
            <AttachedAttribute Name="VM Resource Pool" IsOverridable="true" IsLocal="true">
              <AllowedValues />
            </AttachedAttribute>
            <AttachedAttribute Name="Shutdown Method" IsOverridable="true" IsLocal="true">
              <AllowedValues>
                <AllowedValue>hard</AllowedValue>
                <AllowedValue>soft</AllowedValue>
              </AllowedValues>
            </AttachedAttribute>
            <AttachedAttribute Name="Execution Server Selector" IsOverridable="true" IsLocal="true">
              <AllowedValues />
            </AttachedAttribute>
            <AttachedAttribute Name="OVF Tool Path" IsOverridable="true" IsLocal="true">
              <AllowedValues />
            </AttachedAttribute>
            <AttachedAttribute Name="Reserved Networks" IsOverridable="true" IsLocal="true">
              <AllowedValues />
            </AttachedAttribute>
          </AttachedAttributes>
          <AttributeValues>
            <AttributeValue Name="User" Value="" />
            <AttributeValue Name="Password" Value="3M3u7nkDzxWb0aJ/IZYeWw==" />
            <AttributeValue Name="Default Datacenter" Value="" />
            <AttributeValue Name="VM Storage" Value="" />
            <AttributeValue Name="Holding Network" Value="holding" />
            <AttributeValue Name="VM Location" Value="QualiSystems" />
            <AttributeValue Name="Default dvSwitch" Value="" />
            <AttributeValue Name="VM Cluster" Value="" />
            <AttributeValue Name="VM Resource Pool" Value="" />
            <AttributeValue Name="Shutdown Method" Value="hard" />
            <AttributeValue Name="Execution Server Selector" Value="" />
            <AttributeValue Name="OVF Tool Path" Value="C:\Program Files (x86)\VMware\VMware Workstation\OVFTool\ovftool.exe" />
            <AttributeValue Name="Reserved Networks" Value="" />
          </AttributeValues>
          <ParentModels />
          <Drivers>
            <DriverName>VCenter Shell Driver</DriverName>
          </Drivers>
          <Scripts />
        </ResourceModel>
      </Models>
      <Categories />
    </ResourceFamily>
    <ResourceFamily Name="Pool" IsLockedByDefault="true" Description="" IsSearchable="true" IsAdminOnly="true" ResourceType="Resource">
      <AttachedAttributes />
      <AttributeValues />
      <Models>
        <ResourceModel Name="Config Set Pool" Description="" SupportsConcurrentCommands="false">
          <AttachedAttributes>
            <AttachedAttribute Name="ConfigPool NTP IP" IsOverridable="true" IsLocal="true">
              <AllowedValues />
            </AttachedAttribute>
          </AttachedAttributes>
          <AttributeValues>
            <AttributeValue Name="ConfigPool NTP IP" Value="" />
          </AttributeValues>
          <ParentModels />
          <Drivers />
          <Scripts />
        </ResourceModel>
      </Models>
      <Categories />
    </ResourceFamily>
    <ResourceFamily Name="Storage server" Description="" IsSearchable="true" IsAdminOnly="true" ResourceType="Resource">
      <AttachedAttributes />
      <AttributeValues />
      <Models>
        <ResourceModel Name="Generic FTP server" Description="" SupportsConcurrentCommands="false">
          <AttachedAttributes>
            <AttachedAttribute Name="Storage Port" IsOverridable="true" IsLocal="true">
              <AllowedValues />
            </AttachedAttribute>
            <AttachedAttribute Name="Storage Network configs Path" IsOverridable="true" IsLocal="true">
              <AllowedValues />
            </AttachedAttribute>
            <AttachedAttribute Name="Storage username" IsOverridable="true" IsLocal="true">
              <AllowedValues />
            </AttachedAttribute>
            <AttachedAttribute Name="Storage password" IsOverridable="true" IsLocal="true">
              <AllowedValues />
            </AttachedAttribute>
          </AttachedAttributes>
          <AttributeValues>
            <AttributeValue Name="Storage Port" Value="21" />
            <AttributeValue Name="Storage Network configs Path" Value="" />
            <AttributeValue Name="Storage username" Value="" />
            <AttributeValue Name="Storage password" Value="" />
          </AttributeValues>
          <ParentModels />
          <Drivers />
          <Scripts />
        </ResourceModel>
      </Models>
      <Categories />
    </ResourceFamily>
  </ResourceFamilies>
  <DriverDescriptors>
    <DriverDescriptor Name="VCenter Shell Driver" Description="this driver manage all the commands that runs at the vcenter context" DriverType="PythonDriver" />
    <DriverDescriptor Name="Python Setup &amp; Teardown" Description="This driver is used for running Python scripts in the environment setup and teardown. To use this driver, make sure you select a suitable setup and/or teardown script." DriverType="TestShellDriver" />
  </DriverDescriptors>
  <ScriptDescriptors>
    <ScriptDescriptor Name="Default Sandbox Setup" CategoryName="Hidden Commands" Version="1.0.0.774 " Alias="Setup script">
      <ScriptInputs />
    </ScriptDescriptor>
    <ScriptDescriptor Name="Default Sandbox Teardown" CategoryName="Hidden Commands" Version="1.0.0.774 " Alias="Teardown script">
      <ScriptInputs />
    </ScriptDescriptor>
  </ScriptDescriptors>
</DataModelInfo>